{"cameraMode":{"drawMode":0,"name":"Shaded","section":"Shading Mode"},"sceneLighting":false,"audioPlay":false,"sceneViewState":{"showFog":false,"showMaterialUpdate":false,"showSkybox":false,"showFlares":false,"showImageEffects":false,"showParticleSystems":false},"in2DMode":false,"pivot":{"x":-2.469188928604126,"y":0.34782901406288149,"z":0.029707087203860284},"rotation":{"x":0.025843806564807893,"y":0.7434852719306946,"z":0.028780179098248483,"w":-0.6676365733146668},"size":6.83345365524292,"orthographic":false}